一般的な製品番号,略称,ふりがな,出典,証（表裏・寒熱・虚実）,六病位 ／  虚実,脈,舌,腹,漢方弁証,中医弁証
5,安中散,あんちゅうさん,和剤局方,裏・寒・虚,太陰病 ／  虚証,やや軟・やや弱・沈細遅扎,無苔または湿潤して微白苔,腹力やや軟、腹壁薄く弛緩性,脾胃の虚寒および気鬱とお血による胃痛や腹痛、月経痛。,温中散寒・止痛・止嘔・制酸
115,胃苓湯,いれいとう,万病回春,半・中・中,少陽病 ／ 虚実中間,緩・やや浮,乾湿中間で白がある,腹力中等度、多くは腹満して心下痞硬,湿困脾胃。表証があり、水性下痢や浮腫を伴うもの。,理気化湿・利水止瀉
135,茵ちん蒿湯,いんちんこうとう,傷寒論、金匱要略,裏・熱・実,少陽病から陽明病 ／ 実証,沈緊、沈遅、沈細、微沈、滑数、浮沈の中間,紅舌、乾燥して微白苔またはは微黄苔,腹力あり、腹微満の傾向、心下部が膨満、心下痞硬,肝胆湿熱。口が苦い、ねばる、渇くが水分を欲しない、体の熱感、頭汗、イライラ、悪心、嘔吐、食欲不振、油っこいものが苦手、胸腹部の膨満感、尿が濃い、便秘または便がスッキリでない、ひどければ全身の黄疸、発熱など,清熱利湿・退黄
117,茵ちん五苓散,いんちんごれいさん,金匱要略,裏・熱・中,少陽病 ／  虚実中間,浮弱・浮 浮数・軟・滑・沈,紅舌、乾燥して微白苔または微黄苔,腹力やや軟、軽度の腹満あり、心下部膨満・心下痞硬・上腹部に振水音,脾胃湿熱。悪心、嘔吐、食欲不振、口がねばる、油っこいものが苦手、口渇、軟便、腹部膨満感、尿量減少、ひどければ黄疸を伴う。,清熱利水・退黄
106,温経湯,うんけいとう,金匱要略,裏・寒・虚,太陰病 ／ 虚証,軟弱,湿潤して無,腹力軟、臍傍の圧痛,下焦の虚寒・お血・血虚。下腹部や腰の冷えおよび疼痛、腹が張る、下肢の冷え、上熱下寒などの下焦の虚寒とお血の症候に、皮膚につやがない、口唇の乾燥、目が疲れる、頭がふらつく、手足のしびれなどの血虚の症候を伴う。手のひらのほてり、夕方に微熱などの陰虚火旺の症候があることも。,温経散寒・補血調経・活血化お・益気和胃（温経散寒・補血）
57,温清飲,うんせいいん,万病回春,裏・熱・中,少陽病から太陰病 ／  虚実中間,脈力中等度から弱,紅舌、乾湿中間で白苔,腹力中等度以下、心下痞硬,血虚・血熱。皮膚につやがない、頭がふらつく、目がかすむ、手足のしびれ、爪がもろい、筋肉の引きつりなどの血虚の症候と、のぼせ、ほてり、イライラ、不眠、目の充血、口渇などの熱証、鼻出血、不正性器出血、下血など鮮紅色の出血、や、発疹または皮膚炎、口内炎などが生じるもの。,清熱瀉火・解毒・補血活血・止血
28,越婢加朮湯,えっぴかじゅつとう,金匱要略,表・熱・実,少陽病から太陽病 ／ 実証,沈やや力あり沈数沈緊数、稀に浮洪,紅舌、微白苔または黄苔,腹力中等度、微満または膨満,風水。全身の浮腫と尿量減少、浮腫は顔面から全身まで。皮膚には光沢があり、押すとへこむがすぐに元に戻る。（実証の浮腫）初期には発熱、悪風、咽痛、咳嗽などの表証を伴うことも。,宣肺利水・健脾
98,黄耆建中湯,おうぎけんちゅうとう,金匱要略,裏・寒・虚,太陰病から少陰病 ／ 顕著な虚証,細弱細数・浮弱,湿潤して無苔,腹力軟弱で、腹直筋は緊張するが按圧すると力がない,気虚の腹痛。小建中湯証に自汗、息切れ、食欲不振、疲れやすい、元気がないなどの気虚の症候があるもの。,補気固表・緩急止痛・温中補虚
121,黄ごん湯,おうごんとう,傷寒論,半・熱・実,少陽病  ／  実証,浮やや緊・浮やや弱・弦,やや乾燥し、時に微白苔,腹力中等度、心下痞、腹筋の緊張,心下の熱証による心下痞、腹痛、下痢、発熱などがあるもの。,清熱瀉火・解毒・清熱化湿
15,黄連解毒湯,おうれんげどくとう,外台秘要,裏・熱・実,少陽病 ／ 虚実中間からやや実証,脈力中等度,乾湿中間、白苔,腹力中等度よりやや実、心下痞,"心火旺・肝胆火旺・胃熱。イライラ、のぼせ、顔面紅潮、目の充血、口臭、口が苦い、口渇、口内炎、動悸、頭がさえて眠れない、気分が落ち着かない、胸脇部が脹って苦しい、上腹部痛、悪心などの症候。
上焦の熱証、血熱。高熱、顔面紅潮、目の充血、熱感、口や咽のかわき、口が苦い、イライラ、転々反側、不眠などで、ひどければ意識障害、狂躁状態。",清熱瀉火・解毒・清熱化湿・止血
120,黄連湯,おうれんとう,傷寒論,半・寒熱・中,少陽病 ／ 虚実中間,弦数・弦細・時に緩・ 浮緊・数,湿潤して厚い白苔、舌根部は黄色を帯びる,比較的に軟で微満、心下痞硬,脾胃不和に腹痛を伴うもの。胃熱。,和胃降逆・消痞止痛・止瀉・清熱・調和腸胃
3,乙字湯,おつじとう,叢桂亭藏方,裏・熱・実,少陽病 ／ 実証から虚実中間,特に異常なし,乾燥した白苔,腹力中等度、臍傍の圧痛、時に軽い胸脇苦満,脱肛、痔核。熱証。,升提・緩急・清熱化湿
S-07,葛根加朮附湯,かっこんかじゅつぶとう,吉益東洞経験方,表・寒・実,太陽病或いは太陰病 ／ 実証,,,,寒証による四肢痛・冷え、表の水毒・寒証による手足や頸部のこわばり、悪寒など。,辛温解表・生津・散寒去湿・止痙・解表
1,葛根湯,かっこんとう,傷寒論、金匱要略,表・寒・実,太陽病 ／  実証,浮で力あり・浮数緊・浮緊緊で力あり,やや乾燥して無苔,腹力中等度以上,表寒・表実。,辛温解表・生津・舒筋
2,葛根湯加川きゅう辛夷,かっこんとうかせんきゅうしんい,本朝経験方,表・寒・実,太陽病 ／ 実証,浮やや実,乾燥して無苔,腹力中等度以上,表寒・表実に上焦の湿証による濃い鼻水と後鼻漏を伴う。,辛温解表・排膿・通竅
137,加味帰脾湯,かみきひとう,済生全書,裏・熱・虚,"太陰病から少陽病,虚証",やや軟・やや弱,湿潤して微白苔,やや軟、時に臍上悸・臍下悸がある,心脾両虚の肝火旺。疲れやすい、元気がない、倦怠感、息切れ、食欲不振、腹が張る、軟便などの脾気虚に、健忘、頭がふらつく、めまい、動悸、眠りが浅い、多夢などの心血虚がみられるもので、イライラ、のぼせ、ほてり、胸苦しいなどの肝火旺の症候を伴う。,気血双補・補脾・養心安神・疏肝清熱
24,加味逍遙散,かみしょうようさん,和剤局方,半・熱・やや虚,少陽病 ／ 虚実中間から虚証,弦やや弱・ 沈弱,乾湿中間で微白苔,腹力やや軟、しばしば上腹部振水音・胸脇苦満、時に臍傍の抵抗と圧痛,肝気鬱結・気血両虚の逍遙散に、のぼせ、イライラ、ほてりなどの熱証を伴うもの。,疏肝解欝・健脾補血・瀉火・調経
401,甘草湯,かんぞうとう,傷寒論,半・中・中,陰陽虚実にわたり広く用いる ,微細沈細・やや軟弱,無苔または微白苔,多くは腹力中等度、腹直筋の緊張,,
72,甘麦大棗湯,かんばくたいそうとう,金匱要略,裏・熱・虚,少陽病から太陰病 ／  虚実中間からやや虚証,やや軟・細,淡白舌、微白苔または無苔,腹力やや軟、腹直筋の緊張,臓躁。不安感、悲哀感、驚きやすい、寝つきが悪い、眠りが浅い、頭がボーッとするなどの心血虚の症候に、食が細い、あくびがよく出るなどの脾虚の症候を伴うもの。,心安神・健脾緩中
324,桔梗石膏,ききょうせっこう,本朝経験方,表・熱・実,,,,,消炎・鎮咳・去痰・咽痛・排膿,清熱解毒・瀉火
138,桔梗湯,ききょうとう,傷寒論、金匱要略,半・熱・中,少陽病 ／ 虚実中間,やや軟で数,乾湿中間、微白苔,腹力中等度,肺熱。咳嗽、喀痰、咽痛など。,清熱解毒・去痰排膿
65,帰脾湯,きひとう,済生方,裏・寒・虚,太陰病 ／  虚証,やや軟沈微微弱,湿潤して白苔,やや軟,心脾両虚。疲れやすい、倦怠感、元気がない、息切れ、食欲不振、腹が張る、軟便や水様便などの脾気虚の症候と、健忘、頭がふらつく、ボーッとする、めまい感、動悸、眠りが浅い、多夢などの心血虚の症候が見られる。,気血双補・補脾・養心安神
77,きゅう帰膠艾湯,きゅうききょうがいとう,金匱要略,裏・寒・虚,太陰病 ／ 虚証,弱 沈弱,湿潤して無苔、時に乾燥,軟軟弱、陥凹傾向、下腹部に圧痛,顔色が悪い、皮膚につやがない、目が疲れる、しびれ、筋肉の引きつり、頭がボーッとするなどの血虚の症候を伴う出血。不正性器出血など。,補血止血・調経安胎
230,きゅう帰調血飲,きゅうきちょうけついん,万病回春,裏・寒・虚,太陰病 ／  虚証,,,,血虚・お血による産後の悪露や貧血。時に熱証によるイライラやのぼせ、脾虚による体力や食欲の低下を伴う。,補血活血・健脾利水・調経止痛・補気健脾・理気去痰
311,九味檳榔湯,くみびんろうとう,浅田方函,裏・中・やや実,少陰病から太陰病 ／ 虚実中間からやや実証,促脈,微白苔より白苔、歯痕がある場合もあり,腹力中等度よりわずかに軟、起立時に心下痞満,寒湿脚気。胸・腹部の気滞,理気降逆・逐お・瀉下・解欝・利水
50,荊芥連翹湯,けいがいれんぎょうとう,一貫堂医学,半・熱・中,少陽病 ／  虚実中間,弦やや緊,乾湿中間、白苔,腹力中等度、腹直筋の緊張、腹診をくすぐったがる,"肝鬱・風熱。皮膚につやがない、頭がふらつく、目がかすむ、爪がもろい、手のしびれ、筋肉の引きつれなどの血虚の症候に、のぼせ、ほてり、イライラ、不眠、目の充血、口渇の熱証や、鼻出血、発疹や皮膚炎、口内炎などの熱証を伴うもの。ゆううつ感、イライラ、怒りっぽい、頭痛、などの肝気鬱結の症候も。
※一貫堂医学の解毒証体質の青年期向け（幼少期は柴胡清肝湯、中年期以降は竜胆瀉肝湯）",清熱解毒・疏肝解欝・凉血止血・解表
TY-026,桂枝加黄耆湯,けいしかおうぎとう,金匱要略,表・中・虚,太陽病 ／  虚証,浮弱・浮虚・浮洪弱・沈遅,乾湿中間,やや軟,体力がなく悪寒、頭痛、身体痛などがあり、動くと汗が出る、風邪をひきやすい体質,辛温解肌・調和営衛・固表止汗
TY-027,桂枝加葛根湯,けいしかかっこんとう,傷寒論,表・寒・虚,太陽病 ／  虚証,浮数 浮数弱・浮緩,著変なし,やや軟、時に腹直筋の緊張,虚弱な者の風邪の初期で肩こりや頭痛のある場合,辛温解表、調和営衛、舒肌
TY-028,桂枝加厚朴杏仁湯,けいしかこうぼくきょうにんとう,傷寒論,表・寒・虚,太陽病の虚証時に太陰病の虚証,浮やや弱・浮弱数・浮弱・やや軟,著変なし,やや軟、腹痛時には腹直筋の強い緊張,風寒型喘息・咳,辛温解表・止咳
134,桂枝加芍薬大黄湯,けいしかしゃくやくだいおうとう,傷寒論,裏・中・実,太陰病 ／  実証,脈力中等度からやや弱・浮緩・浮やや力あり等,乾湿中間で微白苔,腹力中等度からやや軟、腹部の膨満、腹直筋の緊張,脾虚または気血不足のものの腹痛。顔色がさえない、やや疲れやすい、食が細い、腹満感、腹痛便秘または熱痢あるもの。慢性便秘にも、急性下痢にも用いられる。,緩急止痛・温中散寒・通便
60,桂枝加芍薬湯,けいしかしゃくやくとう,傷寒論,裏・中・虚,太陰病 ／  虚証,弱,乾湿中間、微白苔,腹力やや軟から軟、腹壁薄い、腹直筋の緊張,脾虚または気血不足のものの腹痛。顔色がさえない、やや疲れやすい、食が細い、腹満感、腹痛があるもの。,緩急止痛・温中補虚
18,桂枝加(苓)朮附湯,けいしか(りょう)じゅつぶとう,傷寒論,表・寒・虚,太陽病あるいは少陰病 ／  虚証,浮弱・浮軟・浮遅,湿潤して無苔、時に微白苔,やや軟,寒湿痺。朮附湯（朮、附子） の散寒去湿効果で寒湿痺によるしびれ、痛み、冷えによる悪化を治す。浮腫があれば茯苓を配合して利尿を強める。,散寒去湿・止痙・解表
26,桂枝加竜骨牡蛎湯,けいしかりゅうこつぼれいとう,金匱要略,裏・寒・虚,少陽病 ／ 虚証,浮弱,湿潤傾向,腹力やや軟から軟、下腹部の腹直筋の緊張、引きつれ(小腹弦急)、腹部大動脈の拍動亢進,気血不足・虚陽浮越。不安感、不眠、動悸、多夢、夢精などの虚陽浮越の症状に、元気がない、食が細い、しびれ、顔色がわるいなどの気血不足を伴うもの。,安神・通陽・気血双補・調和栄衛
45,桂枝湯,けいしとう,傷寒論、金匱要略,表・寒・虚,太陽病の虚証時に太陰病の虚証,浮弱・浮弱数,著変なし,やや軟、時に腹直筋の緊張,表寒表虚。悪風、自汗、発熱、頭痛、身体痛、鼻閉、水様鼻汁、くしゃみなどの症状。,辛温肌解・調和営衛
82,桂枝人参湯,けいしにんじんとう,傷寒論,裏・寒・虚,太陰病 ／ 虚証,浮弱・浮遅・浮緩・浮弱数・浮数,湿潤して微白苔、または著変なし,腹力やや軟、心下痞硬、心下悸や臍上悸・臍下悸、時に上腹部の振水音,脾胃虚寒で表寒を伴う感冒、頭痛、下痢。,温中散寒・健脾益気・辛温解表
25,桂枝茯苓丸,けいしぶくりょうがん,金匱要略,半・中・中,少陽病 ／ 実証から虚実中間,脈力中等度、沈遅沈渋で緊張がある,紫紅色、乾燥した白苔,腹力中等度、下腹部に抵抗と圧痛(小腹硬満),下焦のお血。下腹部の痛みや圧痛抵抗、または腫瘤、月経不順、月経困難、不正性器。一般的なお血に用いてもよい。,活血化お・消塊
125,桂枝茯苓丸加よく苡仁,けいしぶくりょうがんかよくいにん,本朝経験方,半・中・中,少陽病 ／ 実証から虚実中間,脈力中等度、沈遅沈渋で緊張がある,紫紅色、乾燥した白苔,腹力中等度、下腹部に抵抗と圧痛(小腹硬満),桂枝茯苓丸証に炎症、腫瘤などを伴うもの。,活血化お・消塊・消炎消腫
180,桂芍知母湯,けいしゃくちもとう,金匱要略,裏・寒・虚,太陰病から少陰病 ／  虚実中間からやや虚証,浮数でやや力あり・浮弱・微弱・沈で力あり,口舌乾燥、またはやや湿潤し、多くは無苔時に白苔,少しく陥凹して軟、時に腹直筋の緊張がある,水毒・寒証による激しい関節痛、関節腫脹、寒がり。熱傷による患部の熱感、自汗。虚証による疲労倦怠。,去風湿・散寒・止痛
128,啓脾湯,けいひとう,万病回春,裏・寒・虚,太陰病 ／  虚証,軟弱,無苔,初期は腹力中等度からやや軟、慢性期は軟弱無力,脾胃気虚の下痢。軟便、水様便または不消化下痢。,補気健脾・理気去痰・止瀉
TY-037,桂麻各半湯,けいまかくはんとう,傷寒論,表・寒・中,太陽病 ／  虚実中間,浮で脈力中等度やや浮やや弱・浮で力あり・浮やや数,著変なし,腹力中等度で著変なし,表寒証（発熱・悪寒・頭痛・関節痛・脈浮）,辛温解表・調和営衛・止咳平喘・発汗解表
70,香蘇散,こうそさん,和剤局方,裏・寒・やや虚,太陰病 ／ やや虚証,浮弱・沈,乾湿中間、微白苔,腹力やや軟、心下痞、時に心下痞硬、臍傍に大動脈拍動亢進,脾胃気滞による腹が張る、腹痛、悪心、嘔吐。気滞を伴う表寒感冒による頭痛、悪寒、無汗、身体痛。脾胃気滞を伴う症状全般。,理気和胃・理気解表
95,五虎湯,ごことう,万病回春,表・熱・実,少陽病 ／  実証,弦・やや浮・ やや緊,乾燥した白苔,腹力中等度,肺熱の喘咳。咳嗽、呼吸困難、呼吸促迫、口渇、熱感、発熱、無汗または有汗などの症候。（麻杏甘石湯＋桑白皮）,清肺平喘・止咳・消炎鎮咳
63,五積散,ごしゃくさん,和剤局方,表裏・寒・虚,太陰病 ／ 虚証,弦やや浮沈,乾湿中間で微白苔,やや軟から軟、心下痞硬または痞満,表寒・寒湿困脾による悪寒、発熱、頭痛、関節痛、悪心、嘔吐、下痢、腹部膨満、腹痛、腹や四肢の冷え。冷房など寒冷の環境によって生じる身体の冷え、悪寒、頭痛、四肢の痺れ、筋肉痛など。,温中散寒・理気化湿・補血活血・辛温解表・通絡調経
107,牛車腎気丸,ごしゃじんきがん,済生方,裏・寒・虚,太陰病 ／ 虚証,動脈硬化症にみられる硬い脈,紅舌、微白苔または無苔,腹力やや軟から軟、臍下不仁が必発、しばしば下腹部の腹直筋の緊張(小腹拘急)、時に心下痞硬、臍傍の動悸亢進,腎陽虚の水腫。八味地黄丸の症候に、下半身の水腫やだるさを伴うもの。,温補腎陽・利水
31,呉茱萸湯,ごしゅゆとう,傷寒論、金匱要略,裏・寒・虚,太陰病 ／  虚証,沈沈弱・沈遅・微沈・微緩・微細・浮弱・浮細,湿潤して微白苔,腹力やや軟から軟、時に軟弱、心下部膨満または陥凹、心下痞硬,胃虚寒の嘔吐、食べると吐き気がする、吃逆、よだれ、上腹部の痞や膨満感。寒飲上逆による発作性に生じる頭痛、悪心または嘔吐、首筋からこめかみの凝り、めまい感。,散寒止嘔・温胃止痛・健脾益気
56,五淋散,ごりんさん,和剤局方,裏・熱・中,少陽病 ／ 虚実中間, やや弱・滑数,紅舌、微白苔から黄苔,腹力中等度以下,熱淋、強い尿路の炎症。利尿、抗菌、消炎作用などにより治す。,清熱利水・活血止痛
17,五苓散,ごれいさん,傷寒論、金匱要略,半・中・中,少陽病 ／  虚実中間,浮 浮数・浮弱洪数・浮滑,微白苔または白苔,腹力中等度からやや軟、心下痞硬、上腹部に振水音,水湿による悪風、微熱、尿量減少、口渇、水を飲むとすぐに大量に嘔吐する、水様の嘔吐または下痢、浮腫、めまい感、腹部の動悸、身体が重いなど。,利水滲湿・通陽・解表
73,柴陥湯,さいかんとう,本朝経験方,半・熱・中,少陽病 ／ やや実証,弦・細緊やや実,微白苔または白苔,腹力中等度、心下痞硬、多くは胸脇苦満,半表半裏証に、咳嗽、胸痛、黄色粘稠な喀痰、などの熱証を伴うもの。,和解半表半裏・清熱去痰
12,柴胡加竜骨牡蛎湯,さいこかりゅうこつぼれいとう,傷寒論,半・熱・やや実（やや虚）,少陽病 ／ やや実証,実・弦・ 緊・ やや沈緊・数,乾燥した白苔,腹力やや充実、胸脇苦満、心下痞硬、臍上悸・臍下悸。心下部が抑肝散では筋ばり、本方では膨満する傾向,心肝火旺・脾気虚・痰湿。イライラ、不眠、多夢、驚きやすい、動悸、のぼせ、胸脇部が脹って苦しいなどの心肝火旺に、疲れやすい、食欲不振、悪心、腹部膨満感などの脾気虚、むくみ、尿が少ないなどの痰湿を伴うもの。,清熱安神・補気健脾・去痰止嘔
11,柴胡桂枝乾姜湯,さいこけいしかんきょうとう,傷寒論、金匱要略,半・中・虚,少陽病から太陰病 ／ 虚証,沈弱・沈弦細・弦細・弦弱・弦遅・弦緊・弱・浮弱・浮細・浮数, 無苔または微白苔,腹力やや軟、心下部および季肋下は陥凹してやや抵抗、時に自他覚的に膨満するが触診すると軟らかい,津液不足、裏寒を伴う半表半裏証で、肝鬱化火・胃寒を伴う。,和解半表半裏・温裏去寒・疏肝解欝・安神・潤燥
10,柴胡桂枝湯,さいこけいしとう,傷寒論、金匱要略,やや表・熱・やや虚,太陽病と少陽病の併病 ／ やや虚証,弦やや浮 浮弦弱 稀に浮緩,やや乾燥して微白苔,腹力やや軟、胸脇苦満、心下支結,半表半裏証（少陽病） に頭痛、悪風、身体痛などの表寒（太陽病） を伴うもの、および肝鬱化火・脾気虚・痰湿を兼ねるもの。,和解半表半裏・解表・疏肝解鬱・補気健脾・和胃止嘔
80,柴胡清肝湯,さいこせいかんとう,一貫堂医学,半・熱・中,少陽病 ／ 虚実中間,弦やや弱,乾湿中間で微白苔,腹力やや軟、腹直筋の異常緊張、時に胸脇苦満や心下痞硬,"上焦の熱証・燥証による上腹部知覚過敏や皮膚が浅黒い状態、腹直筋が緊張して触られるのを嫌がる、怒りやすいまたは精神不安定などの症状。
※一貫堂医学の解毒証体質の小児向け（青年期は荊芥連翹湯、中年期以降は竜胆瀉肝湯）",清熱解毒・去風排膿・養血・止血
96,柴朴湯,さいぼくとう,本朝経験方,半・熱・中,少陽病 ／ 虚実中間からやや虚証,弦・細にして力あり,やや乾燥し、白苔または微白苔,腹力中等度からわずかに軟、多くは胸脇苦満と心下痞硬,半表半裏証（少陽病）と痰湿。ゆううつ感、イライラ、怒りっぽい、口が苦い、往来寒熱、胸脇部が脹って苦しい（胸脇苦満）、悪心、嘔吐、咳などに痰、かすれ声などを伴うもの。,疏肝解欝・補気健脾・理気降逆・去痰止咳・和解半解半表半裏
114,柴苓湯,さいれいとう,得効方,半・熱・中,少陽病 ／ 虚実中間からやや実証,弦やや浮 浮にして力あり,乾燥して白苔,腹力中等度、胸脇苦満,半表半裏証（少陽病）と水滞。ゆううつ感、イライラ、怒りっぽい、口が苦い、往来寒熱、胸脇部が脹って苦しい（胸脇苦満）、悪心、嘔吐、咳などに下痢、浮腫などの水滞を伴うもの。,和解半表半裏・通陽利水
113,三黄瀉心湯,さんおうしゃしんとう,金匱要略,裏・熱・実,少陽病 ／ 実証,浮実 沈実・弦・やや緊・大,乾燥した白苔または黄苔,腹力中等度からやや実、多くは心下痞,熱盛、血熱妄行、湿熱、心火旺・肝胆火旺・胃熱。黄連解毒湯とほぼ同じ証で、便秘を伴うものかジクジクした皮膚炎を伴うもの。,清熱瀉火・解毒・清熱化湿・瀉下・止血
103,酸棗仁湯,さんそうにんとう,金匱要略,裏・熱・虚,少陽病から太陰病 ／ 虚証,やや軟・やや弱・弱数・沈・沈微・沈弱,湿潤して無苔,腹力やや軟から軟、臍上悸・臍下悸,心血虚・心肝火旺。寝つきが悪い、眠りが浅い、多夢、動悸、健忘、頭のふらつきなどの心血虚の症候に、イライラ、焦燥感、のどや口の渇き、のぼせ、ほてりなどの心肝火旺の熱証を伴うもの。疲れて寝たいのに寝れない、疲れすぎて寝れない者に。,養心安神・清熱除煩
121,三物黄ごん湯,さんもつおうごんとう,金匱要略,裏・熱・虚,少陽病 ／ 虚実中間,弦やや弱・沈遅・微緊時に数等で、 浮沈強弱のかたよりが少ない,微白苔,やや軟,陰虚火旺によるほてり。,滋陰清熱
93,滋陰降火湯,じいんこうかとう,万病回春,裏・熱・虚,少陽病 ／ 虚証,やや軟・やや弱で数,紅舌、乾燥して微白苔,腹力やや軟、臍上悸,肺腎陰虚。乾咳、少痰または粘痰、喉の渇き、呼吸促迫などの肺陰虚に、ほてり、のぼせ、ふらつき、腰や膝に力がない、寝汗などの陰虚火旺を伴うもの。,滋陰清熱・止咳去痰
92,滋陰至宝湯,じいんしほうとう,万病回春,裏・熱・虚,"太陰病, 虚証",沈・やや軟,湿潤して無苔,腹力やや軟,肝気鬱結、気血両虚、肺陰虚。逍遙散証に、咳嗽、痰が粘稠で喀出しにくい、口渇、熱感、のぼせ、手のひらや足のうらのほてり、午後の微熱、寝汗などの肺陰虚の症候を伴うもの。,疏肝解欝・滋陰清熱・理気健脾・潤燥去痰
35,四逆散,しぎゃくさん,傷寒論,半・熱・実,少陽病 ／ 虚実中間,弦・細やや緊沈緊沈沈遅,やや乾燥して微白苔,腹力中等度よりやや軟、左右の胸脇苦満と左右の腹直筋の異常緊張、多くは心下痞硬,肝気鬱結・肝脾不和。憂鬱感、情緒不安定、イライラ、ヒステリック、ため息が多い、胸苦しい、胸脇部が脹って苦しい（胸脇苦満）、腹が張る、悪心、便秘と下痢を繰り返す、残便感、女性は月経不順、月経痛、または無月経、月経前の乳房の張りなど。,疏肝解欝・理気止痛・透熱
75,四君子湯,しくんしとう,和剤局方,裏・寒・虚,太陰病 ／ 虚証,やや軟・やや弱・沈緩・洪大無力,淡白胖大、湿潤して微白苔,軟、心下に力なし、しばしば上腹部に振水音,脾胃気虚。元気がない、気力がない、疲れやすい、全身の無力感、声に力がない、息切れ、口数が少ない、顔色が白い、食欲不振、少食、味がない、軟便～水様便または便秘など。六君子湯証よりも重度な気虚向け。,補気健脾・利水消腫
314,梔子柏皮湯,ししはくひとう,傷寒論,半・熱・虚,"少陽病, 虚証",不定,不定,不定,皮膚掻痒症、黄疸、蕁麻疹,清熱利湿・退黄・清熱化湿
46,七物降下湯,しちもつこうかとう,修琴堂（大塚敬節）方,裏・寒・虚,太陰病 ／ 虚証から虚実中間,弦やや緊・弦細,淡白舌,腹力やや軟から軟,血虚・肝陽化風。顔色が悪く、皮膚に艶がなく、四肢がしびれ、筋肉が引きつるなどの血虚に、のぼせ、ほてり、目まい、ふらつき、手足のふるえ、耳鳴などの肝陽化風の症候を伴うもの。,補血益気・熄風
71,四物湯,しもつとう,和剤局方,裏・寒・虚,太陰病虚証,やや沈・やや弱・弱・細,紅舌,腹力やや軟から軟、多くは臍の上下に動悸,血虚。顔色が悪くつやがない、皮膚がカサカサして潤いがない、爪の色が悪くもろい、目がかすむ、目が疲れる、目の乾燥感、頭がボーッとする、ふらつく、動悸、四肢のしびれ、筋肉が引きつる、女性では月経周期の延長、月経量が少ない、無月経などがみられる。,補血活血・調経
64,炙甘草湯,しゃかんぞうとう,傷寒論、金匱要略,裏・熱・虚,少陽病 ／ 虚証,結代 (不整脈) 浮虚数・浮虚虚,紅舌,腹力軟、陥凹、心下痞、腹部大動脈の動悸,心気陰両虚。脈の結滞、息切れ、疲労感などに動悸、咽や口の乾燥感、眠りが浅い、寝汗、やせる、便が硬いなどを伴うもの。,益気通陽・滋陰補血
68,芍薬甘草湯,しゃくやくかんぞうとう,傷寒論,裏・中・虚,陰陽および虚実にわたり広く用いられる,弦やや弱・軟に近い,乾湿中間から多くは湿潤,腹力中等度からやや軟、両腹直筋の異常緊張がある,平滑筋、骨格筋の痙攣性疼痛に頓服。,平肝・解痙止痛
146,芍薬甘草附子湯,しゃくやくかんぞうぶしとう,傷寒論,裏・寒・虚,,,,腹力中等度からやや軟,,平肝・解痙止痛
48,十全大補湯,じゅうぜんたいほとう,和剤局方,裏・寒・虚,太陰病から少陰病 ／ 虚証,軟・やや弱・弱・沈小微細遅遅・浮洪大で無力,湿潤して微白苔,腹力やや軟から軟弱まで,気血両虚。元気がない、気力がない、疲れやすい、倦怠感、食欲不振、軟便～泥状便などの気虚に、顔色が悪い、皮膚につやがない、頭がふらつく、目がかすむ、四肢のしびれ感、筋肉がひきつるなどの血虚を伴うもの。,気血双補・温陽去寒
6,十味敗毒湯,じゅうみはいどくとう,華岡青洲,表・熱・実,少陽病 ／ 虚実中間から実証,やや実,乾燥した白苔,腹力中等度以上、時に心下痞硬と胸脇苦満,風湿熱の皮疹。まばらな小丘疹で、先端に白い膿が乗っているもの。,去風化湿・清熱解毒
51,潤腸湯,じゅんちょうとう,万病回春,裏・熱・虚,少陽病から太陰病 ／ 虚証,やや軟・やや弱,乾燥して微白苔,腹力やや軟、腹壁弛緩だが時に硬い、糞塊を触れる、,陰虚の便秘。口が渇く、咽の乾燥、午後の熱感、手の平や足の裏のほてり、盗汗、痩せるなどの陰虚の症候に、兎糞状の便や便秘を伴うもの。麻子仁丸よりも燥証が強く熱証も加わったもの。,滋陰補血・潤腸通便
99,小建中湯,しょうけんちゅうとう,傷寒論、金匱要略,裏・寒・虚,太陰病 ／ 顕著な虚証,浮弱・沈弱・沈・微細・小・檣・遅・浮大で力がない 扎,淡紅,腹力軟、腹壁薄い、腹直筋全体にベニヤ板状の緊張,脾虚あるいは気血不足のものの腹痛。顔色がさえない、やや疲れやすい、食が細いなどの体質で、ときに腹痛があり温めたり押さえたりすると軽減するもの。頻尿、汗をかきやすい、動悸などを伴うことが多い。,緩急止痛・温中補虚
9,小柴胡湯,しょうさいことう,傷寒論、金匱要略,半・熱・中,少陽病 ／ 虚実中間からやや実証,多くは弦・沈弦・弦軟,紅舌、白苔,腹力中等度、胸脇苦満、心下痞硬、時に腹直筋の異常緊張,"半表半裏証（少陽病）。発熱性疾患の経過中にみられる、発熱、往来寒熱、胸脇部が脹って苦しい（胸脇苦満）、口が苦い、悪心、嘔吐、咳嗽、喉の渇きなど。
または肝鬱化火・脾気虚・痰湿。憂鬱感、イライラ、怒りっぽい、口が苦い、胸脇部が脹って苦しい、寝つきが悪いなどの肝鬱化火に、元気がない、食欲がない、疲れやすいなどの脾気虚と、悪心、嘔吐、咳嗽、多痰などの痰湿を伴うもの。",和解半表半裏・清熱透表、疏肝解欝・補気健脾・和胃止嘔
109,小柴胡湯加桔梗石膏,しょうさいことうかききょうせっこう,本朝経験方,半・熱・中,少陽病 ／ 虚実中間からやや実証,弦,乾燥した白苔・微黄苔,腹力中等度、胸脇苦満、心下痞硬、時に腹直筋の異常緊張,熱証が強い小柴胡湯証。咽痛、口渇、高熱などを伴う。慢性期には再発予防。,和解半表半裏・清熱
19,小青竜湯,しょうせいりゅうとう,傷寒論,表・寒・実,太陽病または太陰病 ／  虚実中間から虚証,浮数・微浮でやや力あり・数・浮弱・ やや弱 弱・軟,無苔、または乾湿中間で微白苔,腹力やや軟で微満、上腹部に振水音、心下満,表寒による寒痰の喘咳。または風水。突然発生する全身浮腫と尿量減少で、表証を伴うことがある。,（別名、温肺去痰湯）辛温解表・温肺去痰・平喘止咳・利水
21,小半夏加茯苓湯,しょうはんげかぶくりょうとう,金匱要略,裏・寒・虚,太陰病 ／ 虚証,軟・沈弱・浮弱・滑,やや湿潤して微白苔,腹力やや軟、上腹部に振水音を認めることが多い,痰飲による胃気上逆。悪心、嘔吐、吃逆に上腹部のつかえ、めまい、動悸を伴うことがある。＋紫蘇葉・厚朴で半夏厚朴湯となる。,和胃降逆・去痰利水
22,消風散,しょうふうさん,外科正宗,表・熱・実,少陽病 ／ 実証から虚実中間,緊やや実数,紅舌、白苔または微黄苔,腹力中等度以上,風湿熱の皮疹。かゆみが強い（夏や夜間に増悪しやすい）、局所の発赤と熱感、浸出液が多いあるいは水泡形成、患部の熱感、口渇など。,疏風・清熱化湿・養血潤燥
101,升麻葛根湯,しょうまかっこんとう,万病回春,表・熱・実,太陽虚実中間から実証,浮やや弱,著変なし,腹力中等度,麻疹（はしか）の初期または類似状態。目の充血、流涙、くしゃみ、はなみず、咳嗽、軽度の悪寒または熱感、発熱、下痢などを伴うことが多い。,肌解透疹・清熱解毒
140,四苓湯,しれいとう,金匱要略,半・中・中,少陽病 ／  虚実中間,浮 浮数・浮弱洪数・浮滑,乾燥した微白苔または白苔,腹力中等度からやや軟、心下痞硬、上腹部に振水音,水湿。尿量減少、口渇するが飲むとすぐに嘔吐する、浮腫、水様の下痢、めまい感、腹部の動悸、身体が重いなどの症状。,利水滲湿・通陽・解表
104,辛夷清肺湯,しんいせいはいとう,外科正宗,半・熱・実,少陽病 ／  実証,弦やや緊,乾燥した白苔,腹力中等度,肺熱の鼻淵。鼻づまり、膿性の鼻汁、頭痛、口渇、咽痛など。,清熱解毒・通竅・潤肺去痰・止咳
66,参蘇飲,じんそいん,和剤局方,表・寒熱・中,少陽病から太陽病 ／ 虚実中間から虚証,浮やや緊細数・沈数,乾湿中間で微白苔,腹力中等度,気虚湿痰の風寒咳嗽。咳嗽、多痰、鼻水、鼻閉、発熱、軽度の悪寒、頭痛、身体痛、咽痛などの表証を伴い、食欲不振、元気がない、疲れやすいなど気虚がみられるもの。総合感冒薬。,益気解表・去痰止咳・理気和胃
85,神秘湯,しんぴとう,外台秘要,裏・寒・虚,少陽病 ／ 実証,弦やや緊,乾燥した白苔,腹力中等度、時に胸脇苦満・腹直筋の緊張,肝気鬱結の喘咳。咳嗽、呼吸困難、喘鳴、少痰とともに、イライラ、ゆううつ感、胸脇部が脹って苦しいなどの肝気鬱結の症候を伴うもの。,止咳平喘・疏肝解欝・理気去痰
30,真武湯,しんぶとう,傷寒論,裏・寒・虚,少陰病虚証,沈微・沈弱・沈・微細・微弱・遅弱,湿潤して無苔・鏡面舌時に微白苔,軟から軟弱、上腹部に振水音のあることが多い、心下悸,陽虚水泛・少陰病。浮腫（特に下半身）、尿量減少、泥状～水様便、四肢が重だるい、冷え、寒気、疲れやすい、元気がない、横になっていたい。口渇はない。,温陽利水
58,清上防風湯,せいじょうぼうふうとう,万病回春,表・熱・実,少陽病 ／  実証,弦,乾湿中間で白苔,腹力中等度,上焦の風熱の皮疹。身体上部（特に顔面） の発赤、熱感、かゆみ、疼痛、化膿傾向をもつ皮疹で、顔面紅潮、口渇などを伴うことが多い。,去風・清熱解毒・止痛
136,清暑益気湯,せいしょえっきとう,医学六要,裏・熱・虚,少陽病 ／ 虚証,やや軟・やや弱,湿潤して微白苔,腹力やや軟、心下部痞満、煩悶感,気津両傷。疲労感、倦怠感、息切れ、食欲減退などの気虚と、口渇、咽の渇き、尿量減少などの津虚があるもの。発熱、腹痛、下痢などの湿熱を伴うこともある。,益気生津・清熱化湿
111,清心蓮子飲,せいしんれんしいん,和剤局方,裏・熱・虚,少陽病 ／ 虚証,弦やや弱 沈細数 沈細無力,紅舌、微白苔,腹力やや軟、心下痞または痞硬,気陰両虚・心火旺。元気がない、疲れやすい、気力がない、食欲不振などの気虚に、イライラ、焦燥感などの精神症状、不眠、多夢、口や咽の乾燥感、動悸、手のひらや足のうらのほてりなどの陰虚火旺を伴う。頻尿、排尿痛、残尿感、尿量減少なども。,益気滋陰・清心火・止淋濁
90,清肺湯,せいはいとう,万病回春,裏・熱・虚,少陽病 ／ 虚実中間から虚証,弦やや弱,湿潤して微白苔,腹力やや軟,肺熱、肺陰虚。慢性の咳嗽、粘稠で切れにくい多量の喀痰、咽痛などの肺熱、体のほてり、のぼせ、イライラ、口渇、嗄声などの陰虚を伴う。痰の引っかかりを取ろうと咳をする状態が続くもの。,清肺止咳・去痰・滋陰
124,川きゅう茶調散,せんきゅうちゃちょうさん,和剤局方,表・寒・中,,,,,風寒の頭痛。突発性の頭痛で、悪寒、発熱などの表証を伴う。,疏風散寒・止頭痛
53,疎経活血湯,そけいかっけつとう,万病回春,裏・寒・虚,太陰病 ／ 虚証,やや軟・やや弱・沈細,淡紅舌,腹力やや軟、時に下腹部に抵抗と圧痛,血虚の風湿痺。四肢や体の痛み痺れ、関節の運動障害などの風湿痺の症候に、皮膚につやがない、しびれ、筋肉の引きつりなどの血虚を伴うもの。,去風湿・補血・活血化お
84,大黄甘草湯,だいおうかんぞうとう,金匱要略,裏・熱・実,少陽病 ／ 虚実中間からやや実証,沈遅沈微緊やや数,時に白苔,腹力中等度、微満,便秘。,通便
33,大黄牡丹皮湯,だいおうぼたんぴとう,金匱要略,裏・熱・実,陽明病 ／ 実証,遅緊沈実 弦緊,紅舌、 乾燥した黄苔,腹力中等度以上、下腹部の主に回盲部に抵抗と圧痛がある(小腹腫),腸癰（虫垂炎など）。発熱、腹痛（特に臍の右下部）、下腹部の圧痛あるいは抵抗、便秘など。,清熱瀉下・活血消癰
100,大建中湯,だいけんちゅうとう,金匱要略,裏・寒・虚,太陰病から少陰病 ／ 虚証,一般に脈力は非常に低下している,湿潤して灰白色苔,腹壁薄く軟弱無力、腹壁を通して腸蠕動の様子が目視できる,"脾胃虚寒の疝痛。元気がない、食欲不振、腹が張る、手足や腹の冷えなどの脾胃虚寒があり、寒冷刺激などによって激しい腹部仙痛が生じるもの。腹壁が弛緩したものでは腸蠕動が見られる。
脾胃実寒の疝痛。寒冷の環境や飲食物などで急激に発生した腹部仙痛全般。",温中散寒・解痙止痛・補気健脾
8,大柴胡湯,だいさいことう,傷寒論、金匱要略,半・熱・実,少陽病 ／ 実証,沈実沈遅弦大にして力あり,乾燥した白黄黄苔,腹力中等度以上、胸脇苦満、心下痞硬、肉の厚い腹直筋が緊張,"少陽陽明合病。往来寒熱、心下部のつかえ、悪心、イライラ、口が苦いなどの半表半裏証（少陽病）に、腹部膨満感、腹痛、便秘あるいは下痢の裏熱（陽明病）を伴うもの。
肝鬱化火・胃気上逆：憂鬱感、イライラ、怒りっぽい、不眠、顔面紅潮、目の充血、胸脇部が張って苦しい、口が苦いなどの肝鬱化火の症候に、悪心、嘔吐、上腹部膨満感、便秘などの胃気上逆を伴うもの。",和解半表半裏・瀉下熱結、疏肝解欝・理気止嘔・清熱瀉下
319,大柴胡湯去大黄,だいさいことうきょだいおう,傷寒論、金匱要略,半・熱・実,少陽病 ／ 実証,沈実沈遅弦大にして力あり,乾燥した白黄黄苔,腹力中等度以上、胸脇苦満、心下痞硬、肉の厚い腹直筋が緊張,大柴胡湯証で便秘がないもの。,和解半表半裏・瀉下熱結、疏肝解欝・理気止嘔・清熱瀉下
133,大承気湯,だいじょうきとう,傷寒論、金匱要略,裏・熱・実,陽明病 ／ 強実証,沈遅実 沈遅数滑大数・時に弦,乾燥し亀裂を生じる、黄苔または黒苔,腹力充実し、臍を中心に膨満して堅満である,熱結。陽明病腑実・裏実熱で、高熱、発汗、便秘、腹部膨満感、腹痛、圧痛が強い、口渇、尿が濃いなど。,峻下熱結
97,大防風湯,だいぼうふうとう,和剤局方,裏・寒・虚,太陰病から少陰病 ／ 虚証,弦やや弱,湿潤して白苔,腹力やや軟から軟,気血両虚、肝腎不足の風寒湿痺。四肢や体のしびれ痛み、冷え、運動障害、軽度の浮腫などの風寒湿痺の症候に、疲れやすい、元気がない、食欲不振、顔色が悪い、頭がふらつく、皮膚につやがないなどの気血両虚、腰や膝に力がないなどの肝腎不足の症候を伴うもの。,去風湿・散寒・気血双補・益肝腎・活血止痛
91,竹じょ温胆湯,ちくじょうんたんとう,万病回春,半・熱・虚,少陽病から太陰病 ／ 虚証,やや軟・やや弱,湿潤して微白苔,やや軟,発熱性疾患の経過に生じる痰熱上擾。痰と発熱を伴う不眠や、イライラ、怒りっぽい、胸脇部の脹った痛み、腹部膨満感などの肝気鬱結と、疲れやすい、食欲がない、口渇などの気陰両虚を伴うもの。,清化去痰・和胃降逆・清熱解欝・滋陰益気
59,治頭瘡一方,ちずそういっぽう,本朝経験方,表・熱・実,少陽病 ／ 実証,やや実,乾燥した微白苔,腹力中等度,頭部の風湿熱の皮疹。かゆみ、発赤、熱感、化膿傾向、水疱や滲出物など。,去風・清熱解毒・活血化お
89,治打撲一方,ちだぼくいっぽう,香川家方,半・中・中,少陽病 ／ 虚実中間からやや実証,弦,乾湿中間で白苔,腹力中等度,打撲、捻挫による腫脹疼痛。,活血化お・消塊・通陽
74,調胃承気湯,ちょういじょうきとう,傷寒論,裏・熱・実,陽明病 ／ やや実証から実証 ,沈実・沈数・遅実・数急・浮,乾燥して白苔から黄苔,腹力やや実、微満から軽度の腹満,強い腹部膨満感などを伴わない一般的な便秘。大黄甘草湯＋芒硝。,清熱瀉下
47,釣藤散,ちょうとうさん,本事方,裏・熱・虚,陽病 ／ 虚実中間,弦やや緊,乾湿中間で白苔,腹力わずかに軟から軟まで、時に心下痞硬,脾胃気虚・痰湿の肝陽化風。頭のふらつき、めまい、頭痛、耳鳴、顔面紅潮、目の充血、目がかすむ、いらいら、肩こり、眠りが浅い、手足のふるえなどの肝陽化風に、食欲不振、元気がない、疲れやすい、悪心、嘔吐、咳嗽、喀痰などの脾気虚、痰湿の症候を伴う。起床時の頭痛や目の奥の痛みによく用いられる。,平肝熄風・明目・補気健脾
320,腸癰湯,ちょうようとう,集験方,裏・熱・実,少陽病 ／ 虚実中間,弦やや弱・ やや数,乾湿中間で微白苔、または黄苔,腹力中等度、回盲部の圧痛と硬結,お血・下焦の湿熱。回盲部の圧痛と硬結、下腹部痛、月経異常などがあるもの。,清熱排膿・活血化お・清熱解毒
40,猪苓湯,ちょれいとう,傷寒論、金匱要略,裏・熱・やや虚,少陽病 ／ 虚実中間からやや虚証,発熱を伴う場合には浮・浮緊・数・数滑,紅舌、微白苔から黄苔,やや軟,下焦の湿熱・水毒・血症。尿量減少、頻尿、排尿痛、残尿感などの湿熱に、口渇や乏尿などの水毒、イライラ、不眠などの精神症状、血尿や出血などの血症を伴うこともある。,利湿清熱・滋陰止血
112,猪苓湯合四物湯,ちょれいとうごうしもつとう,傷寒論,裏・熱・虚,少陽病から太陰病 ／ 虚証,弦やや弱,乾湿中間の微白苔,やや軟,お血と湿熱。お血に発熱、熱感、口渇、排尿障害、尿量減少がみられ、イライラ、不眠などを伴うことがある状態。,利湿清熱・滋陰止血・補血活血
105,通導散,つうどうさん,万病回春,裏・熱・実, 陽明病から少陽病 ／ 実証,弦・緊・沈渋,暗紅色または帯紫色、白苔を伴うことがある,腹部全体が膨満、腹力は充実、心下痞硬、下腹部に抵抗と圧痛、時に腹直筋の緊張,お血・気滞。お血の症候に、胸苦しい、腹が張る、便秘などの気滞の症候を伴い、ひどければ乏尿、狂躁状態を呈するもの。,理気活血・破血逐お・瀉下
61,桃核承気湯,とうかくじょうきとう,傷寒論,裏・熱・実,陽明病 ／ 実証,実もしくは緊,舌体は暗赤色、乾燥した黄苔、 時に無苔,腹力中等度以上、下腹部緊満、主に左腸骨窩に抵抗と圧痛(小腹急結),下焦のお血。下腹部の痛みや圧痛あるは抵抗、不正性器出血、月経困難、便秘などの症候があり、下肢の冷え、下腿部静脈怒張、外痔核、のぼせ、頭痛、肩こり、鼻出血、不眠、動悸などを伴うこともある。甚だしい場合には意識障害や狂躁状態を呈する。,清熱瀉下・活血逐お
86,当帰飲子,とうきいんし,済生方,裏・寒・虚,太陰病 ／ 虚証,やや軟・やや弱・細,暗紅舌、微白苔,腹力やや軟,お血生風。皮膚がかさかさしてつやがない。粃糠様の落屑、小さな皸裂、遊走性のかゆみ、かきむしって少量の出血がみられる、発赤や滲出物が無い虚証の皮膚炎。老人性の乾燥性皮膚掻痒症に。,補血潤燥・止痒
123,当帰建中湯,とうきけんちゅうとう,金匱要略,裏・寒・虚,太陰病 ／ 虚証,浮弱・沈弱・沈・微細・小・檣・遅・浮大,舌質は正常または淡紅,腹力軟、腹壁薄い、腹直筋全体にベニヤ板状の緊張,血虚の腹痛。顔色がさえない、不活発、やや疲れやすい、食が細いなどの体質で、ときに腹痛があり温めたり押さえたりすると軽減するもの。さらに皮膚につやがない、しびれなどの血虚を伴うもの。,補血調経・緩急止痛・温中補虚
38,当帰四逆加呉茱萸生姜湯,とうきしぎゃくかごしゅゆしょうきょうとう,傷寒論,裏・寒・虚,太陰病 ／  虚証,細・沈・細弱・沈微・微細,湿潤して無苔,やや軟から軟、腹満、多くは心下痞・腹直筋の緊張、時に上腹部に振水音,血虚受寒。寒冷によって生じる、四肢や下腹部の冷えと痛み、しびれ、しもやけ、下痢など。,温経散寒・養血通脈
23,当帰芍薬散,とうきしゃくやくさん,金匱要略,裏・寒・虚,太陰病 ／  虚証,沈・遅・弱・軟弱・細小,淡白舌、無苔,腹力やや軟から軟、下腹部の硬満、上腹部に振水音、しばしば臍下悸,血虚・脾虚湿盛。皮膚につやがない、頭痛、手足の痺れ感、筋の痙攣、月経量が少ない、月経遅延、月経痛などの血虚に、食欲不振、疲れやすい、顔や手足のむくみ、頭が重い、頭冒感、腰や四肢の冷え、腹痛、泥状～水様便、白色帯下、尿量減少などの脾虚湿盛を伴うもの。沢瀉が寒性のため、強い冷えを伴う場合は附子を加える。,補血活血・健脾利水・調経止痛
143,当帰芍薬散加附子,とうきしゃくやくさんかぶし,金匱要略,裏・寒・虚,太陰病 ／  虚証,沈・遅・弱・軟弱・細小,淡白舌、無苔,腹力やや軟から軟、下腹部の硬満、上腹部に振水音、しばしば臍下悸,当帰芍薬散証で強い冷えを伴うもの。,補血活血・健脾利水・調経止痛
102,当帰湯,とうきとう,千金方,裏・寒・虚,太陰病 ／ 虚証,やや軟・やや弱・微細・沈細弱・遅弱,淡白舌、微白苔,腹力やや軟、上腹部膨満の傾向、時に臍上悸・臍下悸,気血両虚の寒痛。疲れやすい、元気がない、食欲不振、皮膚につやがない、四肢の痺れなど気血両虚の症候に、冷えると増強する腹痛、腹部膨満、腹や四肢の冷えなどの寒痛を伴うもの。痛みは痙攣性で甚だしいと背部に突き抜ける。,補気養血・温中散寒・理気去痰
88,二朮湯,にじゅつとう,万病回春,表・寒・虚,少陽病から太陰病 ／ 虚実中間,弦やや弱・ 滑,乾湿中間で微白苔,腹力やや軟,湿痺。筋肉や関節のだるさしびれ痛み、運動障害、軽度の浮腫など。,去風湿・去痰利水
81,二陳湯,にちんとう,和剤局方,裏・寒・虚,太陰病 ／ 虚証,やや軟・ やや弱・沈弦細・沈滑,湿潤して微白苔,腹力やや軟心下痞と上腹部に振水音がある,肺胃の痰湿。白色で多量の喀痰、咳嗽、口がねばる、悪心、嘔吐などがあり、めまい感、動悸、不眠などを伴うこともある。,燥湿去痰・理気和中
67,女神散,にょしんさん,浅田家方,半・熱・やや実,少陽病 ／ 虚実中間からやや実証,弦やや緊,乾燥した白苔,腹力中等度、しばしば心下痞硬。胸脇苦満はない,気血両虚の気滞・心火旺。のぼせ、めまい、頭痛、不眠、イライラ、肩こり、動悸などの心火旺と、憂鬱感、胸苦しい、腹が張る、悪心、腹痛などの気滞に、目がかすむ、しびれ、食欲不振、元気がない、月経不順、月経量が少ないなどの気血両虚を伴う。などを伴うこともある。加味逍遥散証と似ているが本方の場合は症状が一定する傾向があって中間証、加味逍遥散は症状が様々に移り変わる（逍遥する）傾向があってやや虚証である。,理気活血・気血双補・清心火
32,人参湯,にんじんとう,傷寒論,裏・寒・虚,太陰病 ／ 虚証,遅緩・遅弱・弦細・沈弱・沈遅・軟・やや弱・弱・浮・数檣,湿潤して微白苔,軟弱、腹部全体が膨満、心下痞硬、しばしば上腹部に振水音、触ると冷えている,脾胃虚寒（脾胃陽虚）。倦怠感、食欲不振、息切れ、声に力がない、味がない、腹がよく脹るなどの脾胃気虚に、腹痛（冷えると増強し温めたり押さえたりすると軽減する）、吐き気、嘔吐、つばやよだれが多い、尿が薄く多量、手足や腹の冷え、泥状～水様便（ときには便秘）などの虚寒を伴うもの。口は渇かないか、飲む場合には温かいものを好む。,温中散寒・補気健脾
108,人参養栄湯,にんじんようえいとう,和剤局方,裏・寒・虚,大陰病から少陰病 ／ 虚証,軟やや弱,湿潤し、多くは無苔,腹力やや軟,気血両虚・虚寒。健忘、眠りが浅い、動悸などの心血虚の症候や、自汗、息切れ、咳嗽、喀痰などの肺気虚の症候に、寒け、四肢の冷えなどの虚寒の症候を伴うもの。,気血双補・安神・去寒・止咳
122,排膿散及湯,はいのうさんきゅうとう,吉益東洞経験方,やや表・熱・中,,,,,化膿性疾患全般。,清熱解毒・去痰排膿・止痛・和胃
29,麦門冬湯,ばくもんどうとう,金匱要略,裏・熱・虚,少陽病 ／ 虚証,数虚浮大数やや軟・やや弱,乾燥、またはやや湿潤し、微白苔から黄苔,やや軟、しばしば心下痞硬,肺気陰両虚。慢性の咳嗽、咽喉の乾燥感と刺激感、少量の粘痰または無痰、口渇などの肺陰虚と、息切れ、疲れやすいなどの気虚がみられる。発作のように咳き込みが続き、顔が紅潮する傾向がある。,滋陰益気・補益肺胃・降気
7,八味地黄丸（八味丸）,はちみじおうがん（はちみがん）,金匱要略,裏・寒・虚,太陰病 ／ 虚証,動脈硬化症にみられる硬い脈,紅舌、微白苔または無苔,腹力やや軟から軟、臍下不仁、しばしば下腹部の腹直筋の緊張(小腹拘急)や臍傍の動悸,腎陽虚。腰や膝がだるく力がない、ふらつき、耳鳴、下半身や四肢の冷え、寒がり、インポテンツ、尿量が少なく頻回あるいは尿量過多、排尿困難、失禁、夜間頻尿、遺尿など。浮腫を伴うことも。ほてり、口渇、イライラなどの陰虚みられることも。,温補腎陽
16,半夏厚朴湯,はんげこうぼくとう,金匱要略,裏・寒・やや虚,太陰病 ／ やや虚証,沈弱・沈数・やや軟・やや弱・軟弱,湿潤して無苔,やや軟、心下痞、微満、 多くは上腹部に振水音,痰飲による胃気上逆・肺の痰湿・梅核気（痰気鬱結）。悪心、嘔吐、吃逆、?気、上腹部膨満感などに、咳、喀痰、咽喉部の刺激感、嗄声を伴い、喉に梅の種大の塊や肉片がへばりついた感覚があり、吐こうとしても出ず、飲み込んでもとれない場合がある。,理気降逆・去痰散結
14,半夏瀉心湯,はんげしゃしんとう,傷寒論、金匱要略,半・熱・中,少陽病 ／ 虚実中間からやや虚証,弦・弦やや弱・沈微緊細で力あり,多くは乾湿中間で白苔,腹力やや軟、心下部の抵抗・圧痛・痞塞感,脾胃不和。悪心、嘔吐、吃逆、上腹部の膨満感とつかえなどの胃気上逆に、腹鳴、下痢などを伴うもの。,和胃降逆・消痞・止瀉・清熱・調和腸胃
37,半夏白朮天麻湯,はんげびゃくじゅつてんまとう,脾胃論,裏・寒・虚,太陰病から少陰病 ／ 虚証,やや軟・やや弱,湿潤して白苔,腹力やや軟、しばしば上腹部に振水音,脾気虚の痰濁上擾。めまい、頭がふらつく、頭が重い、悪心、嘔吐などの痰濁上擾に、食欲不振、元気がない、疲れやすい、胸腹部が脹って苦しい、泥状～水様便などの脾気虚を伴う。本方はめまい・頭痛・嘔吐の順で強く、呉茱萸湯は嘔吐・頭痛・めまいの順に強い。,去痰熄風・補気健脾・利水消食
34,白虎加人参湯,びゃっこかにんじんとう,傷寒論、金匱要略,裏・熱・実,陽明病 ／ 実証,洪大 洪数・滑・緊・浮滑数,乾燥し亀裂している場合多し、厚い白苔か黄苔、焦黄苔,腹力中等度からやや軟、心下痞硬、上腹部に振水音,熱盛・裏の熱証と亡津液。喉が渇く、汗が出る、尿意頻数に、高熱、ほてり、かゆみ、口臭、乾燥肌、大便の乾燥などを伴うもの。,清熱瀉火・生津止渇・補気
69,茯苓飲,ぶくりょういん,金匱要略,裏・寒・虚,太陰病 ／ 虚実中間からやや虚証,沈弱・沈遅沈弦・やや軟・やや弱,多くは湿潤して無苔から厚い白苔,腹力やや軟から軟、心下痞硬、上腹部に振水音,胃の痰飲・脾気虚。上腹部膨満感、胃部振水音、尿量減少、呑酸、嘔吐などの胃の痰飲に、食欲不振、疲れやすい、元気がない、食べると腹がはるなどの脾気虚を伴うもの。,理気去痰・和胃降逆・健脾益気
116,茯苓飲合半夏厚朴湯,ぶくりょういんごうはんげこうぼくとう,本朝経験方,裏・寒・虚,太陰病 ／ 虚実中間からやや虚証,やや軟・やや弱,乾湿中間の白苔,腹力やや軟、心下痞硬、上腹部に振水音,脾気虚・痰飲・気滞。食欲不振、疲れやすい、元気がない、食べると腹が張るなどの脾気虚に、上腹部膨満感、胃部振水音、尿量減少、呑酸、嘔吐などの痰飲、憂鬱感、咽のつかえ感を伴うもの。,理気去痰・散結・和胃降逆・健脾益気
410,附子理中湯,ぶしりちゅうとう,直指方,裏・寒・虚,太陰病 ／ 虚実中間からやや虚証,やや軟・やや弱,乾湿中間の白苔,腹力やや軟、心下痞硬、上腹部に振水音,人参湯証で強い冷えを伴うもの。,温中散寒・補気健脾
79,平胃散,へいいさん,和剤局方,半・中・中,少陽病 ／ 虚実中間から実証 ,弦やや緊,乾湿中間で白苔,腹力中等度、心下膨満、時に上腹部に振水音,湿困脾胃。湿邪による胃腸障害で、上腹部膨満、胸がつかえる、腹痛、口がねばる、味がない、食欲不振などがあり、悪心、嘔吐、下痢、四肢が重だるいなどを伴うことも。,理気化湿・胃和
20,防已黄耆湯,ぼういおうぎとう,金匱要略,裏・寒・虚,太陰病 ／ 虚証,やや浮・やや弱・浮弱数・ 緩,湿潤して無苔、または微白苔,腹力やや軟、時に膨満して力なく、横になると蛙のように横にひろがる,"気虚の風水。浮腫 、悪風～悪寒、体がだるい、尿量減少等の風水に、自汗、息切れ、元気がないなどの気虚を伴うもの。
気虚の風湿。急に生じる関節痛や腫脹、全身が重だるいなどの風湿に、自汗、息切れ、疲れやすい、元気がないなどの気虚を伴うもの。",補気健脾・利水消腫・去風止痛
62,防風通聖散,ぼうふうつうしょうさん,宣明論,表裏全体・熱・実,陽明病 ／ 実証,弦やや緊弦数・沈実滑数,紅舌、乾燥して厚い白苔か黄苔,腹力強実、腹部の皮下脂肪が厚く、弾力性があり太鼓腹状に膨満,表寒、裏実熱。咳嗽、鼻閉、呼吸困難などの表寒に、口が苦い、口渇、目の充血、咽痛、イライラなどの半表半裏、腹部膨満感、便秘、尿が濃いなどの裏実熱を伴う。三焦表裏皆実すを治す。元来は顔面の化膿性疾患に用いられた。,辛温解表・清熱解毒・瀉下・利水
41,補中益気湯,ほちゅうえっきとう,内外傷弁惑論,裏・寒・虚,太陰病から少陽病 ／ 虚証,浮大弱・弱・軟弱・微細・浮で力がない・散大で力がない,湿潤して無苔、または微白苔,腹力やや軟、または軟弱、臍上悸・臍下悸、時に胸脇苦満,脾胃気虚・中気下陥・清陽不升・脾不統血。元気がない、疲れやすい、四肢がだるい、動作がおっくう、立ちくらみ、食後眠くなる、食欲不振、味がしない、声が小さい、汗をかきやすい、息ぎれ、胃下垂、脱肛、子宮脱、ヘルニアなど。,補気健脾・升陽挙陥・甘温除熱
27,麻黄湯,まおうとう,傷寒論,表・寒・実,太陽病 ／ 実証,浮緊緊・数,著変なし,腹力中等度以上,表寒・表実。悪寒、無汗、発熱、頭痛、身体痛、咳嗽、呼吸困難などで、鼻閉、鼻水、ふるえなどを伴うことが多い。,辛温解表・止咳平喘
127,麻黄附子細辛湯,まおうぶしさいしんとう,傷寒論,表・寒・虚,少陰病と太陽病の病 ／ 虚証,沈沈細沈細数・浮弱,著変なし,軟、時に上腹部に振水音,陽虚の表寒。高齢者の風邪、のどチクの風邪、背中の寒気、水様の鼻水などに。桂枝加苓朮附湯との併用で帯状疱疹後神経痛に。小青竜湯証で冷えが強いものに追加など、様々な使い方がある。,補陽・辛温解表・利水
55,麻杏甘石湯,まきょうかんせきとう,傷寒論,表・熱・実,少陽病 ／ 実証,浮数 浮数実・弦やや緊・遅,乾燥した白苔,腹力中等度、一見軟の場合にも底力がある,肺熱の喘咳。咳、呼吸困難、呼吸促迫、口渇、熱感、発熱などの症候がある熱性の風邪や喘息に。,清肺平喘・止咳
78,麻杏よく甘湯,まきょうよくかんとう,金匱要略,表・寒・実,少陽病から太陽病 ／ 実証,弦やや緊・ 浮数緊・ 浮・やや沈で力あり,乾湿中間で白苔,腹力中等度,風湿の表証。筋肉や関節の腫れ痛み、午後のほてり、乾燥肌など。関節痛よりも筋肉痛や神経痛に用いる。慢性化したものにはよく苡仁湯を用いる。,去風湿・解表・止咳平喘
126,麻子仁丸,ましにんがん,傷寒論、金匱要略,裏・熱・虚,少陽病 ／ 虚証,やや軟・細 浮でありながら重接すると扎,乾湿中間で微白苔,やや軟,腸燥便秘。兎糞状の便または便秘がみられるもの。高齢者の便秘で熱証がないもの。熱証があり、燥証も強ければ潤腸湯。,潤腸通便
36,木防已湯,もくぼういとう,金匱要略,裏・熱・実,少陽病 ／ 虚証,沈緊 浮緊やや数,乾燥した白苔、または微白苔,腹部全体が膨満、心下痞堅,支飲（胸部の痰飲）。呼吸困難、呼吸促進、浮腫、身体が重だるい、尿量減少などで、咳嗽、喀痰を伴う。また、口渇、イライラ、発熱などの熱証を伴う。,利水滲湿・益気・清熱
P72,ヨクイニン,よくいにん,,半・中・中,,,,,ウイルス感染によるいぼ。肌荒れなど。,清熱排膿
52,よく苡仁湯,よくいにんとう,明医指掌,表・寒・やや実,少陽病 ／ 虚実中間からやや実証,弦やや緊,乾湿中間で白苔,やや軟,湿痺。四肢や体の痺れ痛み、重だるい、運動障害、軽度の浮腫、冷えなどがあり、時に軽度の熱証を伴う。慢性期の関節痛や筋肉痛に用いる。さらに慢性化したものには桂枝芍薬知母湯。,通陽利水・活血止痙
54,抑肝散,よくかんさん,保嬰撮要,裏・熱・虚,少陽病 ／ 虚実中間,弦やや緊,乾湿中間の白苔,腹力中等度以下、多くは心下痞。心下が筋ばり、特に左腹直筋の上半分が緊張、臍上悸・臍下悸が強い,気血両虚の肝陽化風。イライラ、怒りっぽい、頭痛、めまい、眠りが浅い、頭のふらつき、筋肉の痙攣やひきつけ、手足のふるえなどの肝陽化風に、元気がない、疲れやすい、食が細い、皮膚につやがない、動悸、しびれなどの気血両虚を伴うもの。,平肝熄風・気血双補
83,抑肝散加陳皮半夏,よくかんさんかちんぴはんげ,本朝経験方,裏・熱・虚,少陽病 ／ 虚実中間,弦やや緊,乾湿中間の白苔,腹力中等度以下、多くは心下痞。心下が筋ばり、特に左腹直筋の上半分が緊張、臍上悸・臍下悸が強い,気血両虚の肝陽化風。イライラ、怒りっぽい、頭痛、めまい、眠りが浅い、頭のふらつき、筋肉の痙攣やひきつけ、手足のふるえなどの肝陽化風に、元気がない、疲れやすい、食が細い、皮膚につやがない、動悸、しびれなどの気血両虚を伴うもので、さらに悪心、嘔吐、胃腸虚弱、痰が多い、浮腫などの痰湿の症候を伴うもの。,平肝熄風・気血双補・燥湿去痰・理気和中
43,六君子湯,りっくんしとう,万病回春,裏・寒・虚,太陰病 ／  虚証,軟弱微細大にして無力 滑弱,淡白胖大湿潤して厚い白苔がある,やや軟・軟・軟弱、心下痞、上腹部振水音,脾胃気虚の痰湿（脾虚生痰）。元気がない、疲れやすい、食欲がない、食べると腹が張るなどの脾胃気虚の症候に、悪心、嘔吐、上腹部のつかえ、軟便または水様便、胸苦しい、咳嗽、痰が多い、または浮腫などの痰湿の症候を伴うもの。四君子湯＋二陳湯である。,補気健脾・理気去痰・利水消腫
110,立効散,りっこうさん,衆方規矩,半・中・中,少陽病 ／ 虚実中間,,,,歯痛、頭痛。,止痛
76,竜胆瀉肝湯,りゅうたんしゃかんとう,薛氏十六種（または一貫堂医学）,裏・熱・実,少陽病 ／ 実証,実・緊数・弦滑数,紅舌、白苔または白黄苔、黄苔,腹力中等度以上、下腹部の両腹直筋の外側(肝経)抵抗と緊張過敏,"肝胆火旺（肝火上炎）・下焦の湿熱。はげしい頭痛、目の充血、目やに、眼痛、口が苦い、急性の難聴や耳鳴、耳痛、胸脇部の脹った痛み、イライラ、怒りっぽい、不眠、尿が濃いなど。黄疸が出るなどの肝胆火旺に、排尿痛、頻尿、濃縮尿、排尿困難、陰部湿疹、黄色の帯下などの下焦の湿熱を伴う。
※コタローの製品のみ一貫堂医学が出典（温清飲がベース）で、一貫堂の解毒体質の中年期以降を治す。荊芥連翹湯証の者がそのまま年齢を重ねた時に用いる。",清肝瀉火・清熱利湿・疏肝解欝
119,苓甘姜味辛夏仁湯,りょうかんきょうみしんげにんとう,金匱要略,裏・寒・虚,太陰病 ／ 虚証,沈やや弱,湿潤して無苔,腹力やや軟、上腹部に振水音,寒痰の喘咳。咳、呼吸困難、白色で薄い多量の痰、喘鳴、くしゃみ、鼻水、冷えなど。小青竜湯から麻黄・桂枝・芍薬を去り、茯苓・杏仁を加えたもの。小青竜湯証だが麻黄で胃痛や動悸が起こるものに用いることも。,温肺去痰・平喘止咳・利水
118,苓姜朮甘湯,りょうきょうじゅつかんとう,金匱要略,裏・寒・虚,太陰病 ／ 虚証,沈弱・沈細微沈遅軟弱・微,湿潤して無苔、または微白苔,やや軟から軟、下腹部および腰部に寒冷感、時に心下悸や上腹部振水音,下焦の寒湿。腰から下が冷えて痛む、ひどければ腰以下を冷たい水につけている感覚、腰以下が重だるい、軽度の浮腫、よだれが多いなどがあり、尿量が多い。,去湿散寒・止痛
39,苓桂朮甘湯,りょうけいじゅつかんとう,傷寒論、金匱要略,裏・寒・虚,少陽病 ／ 虚実中間から虚証,沈緊 浮弱・浮沈・細,淡紅舌で胖大、微白苔,やや軟、胸部から心下部にかけて脹満感(心下逆満・胸脇支満),脾虚の寒飲。疲れやすい、食欲がない、めまい感、立ちくらみなどの脾虚に、悪心、嘔吐、上腹部膨満感、腹鳴、胃部の振水音あるいは多量の白痰、咳嗽あるいは軽度の浮腫などの痰飲や水湿がみられ、四肢の冷え、動悸、耳鳴、肩こりなどを伴うことが多い。飛行機に乗った時の気圧変化による頭痛や耳の痛みにも有効。,温化寒飲・健脾利水
87,六味地黄丸（六味丸）,ろくみじおうがん（ろくみがん）,小児薬証直訣,裏・熱・虚,太陰病または少陽病 ／ 虚実中間から虚証,沈細数,紅舌、褐色苔を認める,腹力やや軟から軟、臍下不仁、しばしば下腹部の腹直筋の緊張(小腹拘急)や臍傍の動悸,肝腎陰虚。頭がボーッとする、頭がふらつく、思考力減退、めまい、耳鳴、難聴、腰や膝がだるく力がない、口渇、体の熱感、手のひらや足のうらのほてり、歯の動揺、寝汗、遺精、性欲の仮亢進、尿が濃い、尿もれ、便が硬いなど。,滋補肝腎・清虚熱・利湿

